{"kCxPzFQJZnfPP+sw6L+A/g==":"whatsapp%20image%202021-04-15%20at%2010.54.02-717x440.jpg","4aQoVEACy2iZjsubLjtg8A==":"whatsapp%20image%202021-04-15%20at%2010.54.03-719x749.jpg","M7c7zJGDUHhrkIjGjod7nA==":"mbr-favicon.png","MLo+Hf/B4bLHAWTgUcCJ8w==":"mbr-1-1920x1280.jpg","/LtfUlDvktirCg/DKkBj8w==":"20201030174129_img_3382-1-1366x2048.jpg","enEKLtP4srJrrE2W7AvfpA==":"20210314174847_img_8062-1-1366x2048.jpg","oDAfvPQRjGMB1qXMikuv7A==":"picsart_04-15-11.58.58-1366x2048.jpg","MB1NtjCeznKYzJojyAKg2Q==":"img_6204-1-1366x2048.jpg","IPGhOd8jpr7KEPyVo/3nqQ==":"img_6962-01-1-1366x2048.jpg","1hCKIxdNC4QwqRnT6FszQA==":"whatsapp_image_2021-05-05_at_10.19.15-removebg-preview%20(1)-80x79.png","y74eq8kCtQUdm2R4Ri3NDA==":"img_20200219-201156-815x1087.jpg","WmXx04nuvgZvBbhVKWdi+w==":"img_20210222-133723-815x1449.jpg","hLpJIYReUpOc9XrGW0nr4Q==":"img_20191219-171457-815x1087.jpg","jJBsllRGtxqQdFaYYVD4hQ==":"img_20201103-171058-815x1449.jpg","EN0ymANx9N7O5u58FVo4tQ==":"mbr-1920x1188.jpg","aHp7HSi44ZPATb5JITm7zA==":"mbr-1920x1276.jpg","57BCm+YBoMq2tgAHokx1Dw==":"mbr-1920x1281.jpg","cA6XYELVnh+LMwDOESS3wQ==":"mbr-1440x1920.jpg","Ol3vqWKJqwyj+f6WKPFpfA==":"img-20201221-wa0012-1080x810.jpg","a392CQmmgFkxCVqHeAuzqw==":"img-20201221-wa0014-1080x492.jpg","StnYSM8aiwg+bFz5v86nTw==":"img-20201221-wa0018-1280x588.jpg","TR1TlyA2htup5UTgUiUZTw==":"img-20201221-wa0029-1024x768.jpg","yeHYGPNi40iDNIr4eXqbow==":"img20210507131232-1-1080x609.jpg","zI8aKO7mdK9wjZA+aWAb8A==":"img-20201221-wa0022-1280x588.jpg","zHJ4ZrbajI6GwAIrq7F68w==":"img-20201221-wa0012-1076x807.jpg","OFAATWIRLi9sVI8L7YICag==":"img-20201221-wa0004-588x1280.jpg","U5jZawzU07mOYecJA/W2bA==":"img-20201221-wa0005-588x1280.jpg","HR2ciqkHSFkxcJRNKNh7kg==":"img-20201221-wa0006-588x1280.jpg","uTINCJKpb0QcTHx7V9Z9Sg==":"img-20201221-wa0017-815x1087.jpg","5OcDrkdjEkS3qgxkDQV+Hg==":"img20210508155945-815x1445.jpg","/vSTkzGpQwRJkbbGNyXJRA==":"img-20201221-wa0023-588x1280.jpg","O6MpIXHYIKiiCcgtk3CBHA==":"img20210507131238-1-815x1445.jpg","kpnHKWoudbCyNZLiq8b1dQ==":"img-20201221-wa0021-588x1280.jpg","XVmmPJswlvU1PG4eJYWwXg==":"whatsapp_image_2021-08-22_at_22.13.20-removebg-preview-219x255.png","wPZ5WaHHRrkm4pvv/R+mcg==":"25aa1062eca5fc725f471f63be3e85fc_collage-450-450x337.jpg","Cc4CFUrhNEH8wMDpnwEMXQ==":"untitled%20design-1080x763.jpg","wpB23GM4DMeR8eLps1iWow==":"untitled%20design-1646x1164.jpg","Kj09uODS6IDAAxc4yWuMRw==":"mbr-1076x717.jpg","dXmTvXFGwu/dQkyGL+fBuQ==":"mbr-1920x1196.jpg","DpF02ocNpTsAGojOIpH4Xw==":"mbr-1920x1280.jpg","lJvnSJu/KMBEy+yJL8iQtA==":"whatsapp%20image%202021-08-24%20at%2020.54.37-506x506.jpg","0EGSaC7uxp1gyBOMNjS8cw==":"whatsapp%20image%202021-08-24%20at%2021.00.50-506x538.jpg","zT01sgVPPoGqXYvFnWy6Sw==":"whatsapp%20image%202021-08-25%20at%2014.14.50%20(1)-506x675.jpg","OreqWDEIwf+hS19/Pyuqtg==":"whatsapp%20image%202021-08-25%20at%2015.21.53-506x675.jpg","M//29jL3vSlRvL3kipa15w==":"whatsapp%20image%202021-08-25%20at%2014.14.50-506x675.jpg","9g23FmdYSu1rcu0YyATwdQ==":"whatsapp%20image%202021-08-25%20at%2015.21.54-506x675.jpg"}